phi,empirical_rho,observed_AUC,theorem_AUC,difference,n,seed
-0.7,-0.6981591670259084,0.1713842865138222,0.1713078908375894,7.639567623279886e-05,99999,42
-0.5,-0.4983677596302461,0.2703864345958833,0.27073185919664844,-0.0003454246007651429,99999,42
-0.3,-0.29891219309879447,0.36414911364359254,0.364419666292618,-0.0002705526490254795,99999,42
0.0,0.0004778255565432046,0.5009210842020515,0.5002150970765089,0.0007059871255425954,99999,42
0.3,0.3005044014816744,0.6383450189925342,0.6363137380637497,0.0020312809287844624,99999,42
0.5,0.5010362856103224,0.7321790309378484,0.7305522314394165,0.001626799498431919,99999,42
0.7,0.7018482068748821,0.8304051540458385,0.8306033088245717,-0.00019815477873319498,99999,42
0.9,0.9016955154838463,0.9411570576240945,0.9401413176766595,0.0010157399474349793,99999,42
0.99,0.9900740151126961,0.9935108468583418,0.9937118743165758,-0.00020102745823402657,99999,42
